{"dev": "Kirozen", "fstream_path.h": 1}
{"dev": "mochaaP"}
{"dev": "janisozaur"}
{"dev": "gitter-badger", "README.md": 1}
{"dev": "fabioarnold", "CMakeLists.txt": 2}
{"dev": "yuxshao", "algo.cpp": 2, "widget.cpp": 1}
{"dev": "jsoref"}
{"dev": "zaghaghi"}
{"dev": "Adrijaned"}
{"dev": "jjconti", "README.md": 2}
{"dev": "greenbigfrog", "INSTALL.md": 1}
{"dev": "behreajj"}
{"dev": "zed9h", "CMakeLists.txt": 2, "file_formats_manager.cpp": 1, "pixly_format.cpp": 5, "path.cpp": 1, "path.h": 1, "gui.xml": 1, "pref.xml": 5, "timeline_conf.xml": 6, "cmd_toggle_timeline_thumbnails.cpp": 1, "commands_list.h": 1, "preferences.h": 1, "thumbnails.cpp": 8, "thumbnails.h": 2, "configure_timeline_popup.cpp": 6, "configure_timeline_popup.h": 5, "timeline.cpp": 15, "timeline.h": 5, "skin.xml": 1}
{"dev": "lampysprites"}
{"dev": "whitingjp", "pref_types.cpp": 1, "median_cut.h": 1}
{"dev": "natebot13"}
{"dev": "jestarray"}
{"dev": "rautesamtr", ".gitmodules": 1, "CMakeLists.txt": 20, "libwebp": 1, "webp_options.xml": 3, "file_formats_manager.cpp": 1, "webp_format.cpp": 10, "README.md": 1, "webp_options.h": 1, "clipboard_simple.h": 1, "select_accelerator.xml": 2, "select_accelerator.cpp": 2, "key_poller.cpp": 1, "keys.h": 2, "vk.cpp": 1, "accelerator.cpp": 2, "message.cpp": 1, "message.h": 1, "accelerator.h": 1, "sheet.png": 1, "system.h": 1, "native_dialogs.cpp": 4, "native_dialogs.h": 1, "app.cpp": 1, "app_options.cpp": 1, "app_options.h": 1, "aseprite-thumbnailer": 5, "aseprite.thumbnailer": 2, "aseprite_thumb_creator.cpp": 5, "aseprite_thumb_creator.h": 5, "asepritethumbnail.desktop": 2, "aseprite.xml": 2}
{"dev": "ripesunflower", "wddwin.c": 1}
{"dev": "Enfyve"}
{"dev": "xcession"}
{"dev": "hasufell", "CMakeLists.txt": 1}
{"dev": "TheKK", "editor.h": 2, "editor_state.h": 1, "moving_cel_state.cpp": 1, "moving_cel_state.h": 1, "standby_state.cpp": 2, "gui.xml": 1, "cmd_goto_frame.cpp": 1, "commands_list.h": 1, "play_state.cpp": 1, "log.cpp": 1, "editor.cpp": 1, "options.xml": 1, "cmd_options.cpp": 1, "brush_popup.cpp": 1}
{"dev": "m13253"}
{"dev": "CabWoes", "CONTRIBUTING.md": 1}
{"dev": "SagePtr", "arne32.gpl": 1}
{"dev": "Akylzhan"}
{"dev": "klw0", "cmd_cel_properties.cpp": 1, "cmd_layer_properties.cpp": 1}
{"dev": "ryandesign"}
{"dev": "robinjam", "gui.xml": 1, "cmd_set_color_selector.cpp": 1, "color_bar.cpp": 1, "color_bar.h": 1, "color_wheel.cpp": 1, "color_wheel.h": 1}
{"dev": "TakWolf"}
{"dev": "Mailaender", "CMakeLists.txt": 1, "file_handle.cpp": 1, "algofill.cpp": 1, "conversion_alleg.cpp": 1, "conversion_she.cpp": 1, "color.cpp": 1, "aseprite.desktop": 2, "shrink_bounds.cpp": 1, "freetype_headers.h": 1}
{"dev": "randomaction"}
{"dev": "TehThanos"}
{"dev": "opfez"}
{"dev": "manuq", "gui.xml": 2}
{"dev": "martincapello"}
{"dev": "Joefish"}
{"dev": "MacSpain"}
{"dev": "winterheart", "CMakeLists.txt": 21, "Find-tests.cmake": 2, "vga-13h.gpl": 1, ".travis.yml": 1, "detect_format.cpp": 1, "lib.cpp": 1, "stream.cpp": 1, "stream.h": 1, "FindHarfBuzz.cmake": 1}
{"dev": "anGie44"}
{"dev": "aisamanra", "option.h": 1, "recent_items.h": 1, "frame_tags.h": 1}
{"dev": "Gasparoken", "cmd_mask_all.cpp": 2, "moving_cel_state.cpp": 1, "pref.xml": 6, "en.ini": 7, "options.xml": 4, "cmd_options.cpp": 1, "tool_loop_impl.cpp": 2, "moving_pixels_state.cpp": 3, "standby_state.cpp": 5, "timeline.cpp": 7, "play_state.cpp": 1, "cmd_new_frame.cpp": 1, "selected_layers.cpp": 1, "selected_layers.h": 1, "cmd_flip.cpp": 1, "editor.cpp": 3, "editor.h": 1, "moving_pixels_state.h": 2, "standby_state.h": 1, "timeline.h": 1, "palette_view.cpp": 3, "drawing_state.cpp": 1, "gui.xml": 1, "cmd_new_layer.cpp": 2, "doc_api.cpp": 2, "cmd_undo.cpp": 1, "select_box_state.cpp": 3, "CMakeLists.txt": 2, "file_formats_manager.cpp": 1, "svg_format.cpp": 3, "detect_format.cpp": 1, "file_format.h": 1, "color_button.cpp": 1, "main_window.cpp": 1, "main_window.h": 1, "status_bar.cpp": 1, "status_bar.h": 1, "tabs.cpp": 1, "tabs.h": 1, "toolbar.cpp": 1, "svg_options.xml": 1, "import_sprite_sheet.xml": 2, "cmd_import_sprite_sheet.cpp": 3, "select_box_state.h": 1, "file.cpp": 2, "tga_format.cpp": 1, "shift_masked_cel.cpp": 1, "cmd_move_mask.h": 1, "pixels_movement.cpp": 2, "pixels_movement.h": 1, "shift_image.cpp": 1, "shift_image.h": 1, "flatten_layers.cpp": 2, "flatten_layers.h": 1, "color_picker.cpp": 1, "cmd_change_pixel_format.cpp": 1, "cmd_color_quantization.cpp": 1, "cmd_flatten_layers.cpp": 1, "cmd_new_brush.cpp": 1, "cmd_new_sprite_from_selection.cpp": 1, "doc.cpp": 1, "doc_exporter.cpp": 1, "fli_format.cpp": 1, "gif_format.cpp": 1, "ico_format.cpp": 1, "flatten.cpp": 1, "flatten.h": 1, "image_class.cpp": 1, "editor_render.cpp": 1, "editor_render.h": 1, "clipboard.cpp": 1, "new_image_from_mask.cpp": 1, "new_image_from_mask.h": 1, "blend_funcs.cpp": 1, "blend_funcs.h": 1, "blend_mode.h": 1, "image_traits.h": 1, "get_sprite_pixel.cpp": 1, "get_sprite_pixel.h": 1, "quantization.cpp": 1, "quantization.h": 1, "render.cpp": 1, "render.h": 1, "cmd_save_file.cpp": 1, "export_file_window.cpp": 1, "context_bar.cpp": 1, "ink_processing.h": 5, "intertwiners.h": 9, "tool_loop_manager.cpp": 3, "brush_preview.cpp": 2, "stroke.cpp": 1, "stroke.h": 1, "polygon.cpp": 4, "polygon_tests.cpp": 3, "polygon.h": 1, "cli_processor.cpp": 1, "cmd_sprite_size.cpp": 1, "cmd_sprite_size.h": 1, "new_params.cpp": 1, "new_params.h": 1, "scrolling_state.h": 1, "inks.h": 4, "entry.cpp": 1, "cmd_export_sprite_sheet.cpp": 1, "doc_api.h": 1, "cmd_set_ink_type.cpp": 1}
{"dev": "DocHoncho"}
{"dev": "SupSuper", "palette_file.cpp": 1, "detect_format.cpp": 1, "file_format.h": 1, "CMakeLists.txt": 1, "act_file.cpp": 1, "act_file.h": 1}
{"dev": "sainthkh"}
{"dev": "HunterNN", "drawing_state.cpp": 1}
{"dev": "ayuusweetfish", "app_menus.cpp": 2, "doc_exporter.cpp": 3}
{"dev": "Fojar", "flatten_layers.cpp": 1, "point_shapes.h": 1}
{"dev": "msiedlarek", "animated_widget.h": 1}
{"dev": "cebolan", "cmd_undo_history.cpp": 1}
{"dev": "SHADOWELITE7", "README.md": 1}
{"dev": "iamOgunyinka"}
{"dev": "ruerob"}
{"dev": "robotron2084", "cmd_layer_visibility.cpp": 1}
{"dev": "cs-altshift"}
{"dev": "dacap", "cmd_clear.cpp": 14, "INSTALL.md": 70, "options.xml": 105, "send_crash.xml": 4, "CMakeLists.txt": 991, "app.cpp": 175, "app.h": 58, "check_update.cpp": 33, "check_update.h": 15, "cmd_options.cpp": 158, "notification_delegate.h": 1, "send_crash.cpp": 14, "send_crash.h": 4, "main_window.cpp": 73, "main_window.h": 35, "notifications.cpp": 11, "notifications.h": 4, "main.cpp": 19, "gui.cpp": 84, "she_alleg4.cpp": 8, "clipboard.cpp": 84, "mini_editor.cpp": 13, "cmd_refresh.cpp": 17, "system.m": 17, "app.mm": 25, "entry.cpp": 56, "algofill.cpp": 4, "rotate.cpp": 15, "cmd_load_palette.cpp": 22, "cmd_save_palette.cpp": 21, "document.h": 45, "file.cpp": 108, "file_formats_manager.cpp": 18, "file_formats_manager.h": 9, "file_tests.cpp": 19, "gif_tests.cpp": 12, "palette_file.cpp": 34, "palette_file.h": 9, "palettes_loader_delegate.cpp": 8, "palette.cpp": 25, "palette.h": 23, "fs.h": 15, "fs_unix.h": 18, "fs_win32.h": 12, "color_utils.cpp": 14, "color_bar.cpp": 139, "editor.h": 130, "palette_view.cpp": 79, "palette_view.h": 36, "skin_theme.h": 52, "clipboard_win32.h": 12, "msk_file.cpp": 6, "widget_loader.cpp": 52, "main.m": 6, "program_options.cpp": 13, "internals.h": 5, "document_exporter.cpp": 71, "qzwindow.m": 12, "fs.cpp": 5, "aintosx.h": 5, "launcher.cpp": 16, "cmd_launch.cpp": 8, "logger.h": 3, "logger.mm": 3, "system.h": 94, "fs_tests.cpp": 6, "log.cpp": 28, "resource_finder.h": 7, "resource_finder.cpp": 20, "ini_file.cpp": 19, "gui.xml": 216, "cmd_new_frame.cpp": 39, "document_api.cpp": 68, "document_api.h": 35, "gui.h": 15, "context_bar.cpp": 158, "context_bar.h": 56, "document_view.cpp": 79, "editor.cpp": 312, "editor_customization_delegate.h": 6, "tool_loop_impl.cpp": 115, "pixels_movement.cpp": 86, "standby_state.cpp": 152, "misc.cpp": 2, "status_bar.cpp": 104, "range_utils.cpp": 18, "range_utils.h": 8, "color_selector.cpp": 51, "styled_button.cpp": 10, "styled_button.h": 6, "cmd_move_mask.cpp": 27, "cmd_move_mask.h": 13, "moving_pixels_state.cpp": 95, "accelerator.cpp": 31, "accelerator.h": 15, "keys.h": 32, "message.cpp": 17, "app_menus.cpp": 66, "moving_cel_state.cpp": 48, "ui_context.cpp": 66, "ui_context.h": 19, "cmd_flip.cpp": 40, "cmd_rotate.cpp": 36, "commands_list.h": 104, "slider.cpp": 12, "cmd_preview.cpp": 17, "drawing_state.cpp": 54, "scrolling_state.cpp": 12, "timeline.cpp": 238, "system.cpp": 50, "textbox.cpp": 14, "moving_pixels_state.h": 33, "transform_handles.h": 7, "controller.h": 13, "controllers.h": 26, "tool_loop_manager.cpp": 47, "tool_loop_manager.h": 17, "drawing_state.h": 14, "filter_preview.cpp": 18, "document.cpp": 79, "ink_processing.h": 49, "inks.h": 46, "render.cpp": 87, "blend.cpp": 7, "blend.h": 4, "timeline.h": 97, "editor_observer.h": 3, "editor_observers.cpp": 8, "editor_observers.h": 8, "standby_state.h": 38, "palette_popup.xml": 8, "cmd_set_palette.cpp": 14, "cmd_set_palette.h": 7, "palette_popup.cpp": 20, "palette_popup.h": 4, "google-ui.gpl": 4, "cmd_palette_editor.cpp": 50, "cmd_play_animation.cpp": 22, "cmd_color_curve.cpp": 13, "color_curve_editor.cpp": 15, "color_curve_editor.h": 9, "console.cpp": 26, "gfxmode.cpp": 1, "gfxmode.h": 1, "color_button.cpp": 45, "cursor.cpp": 29, "editor_decorator.h": 6, "select_box_state.cpp": 37, "file_list.cpp": 32, "file_selector.cpp": 85, "toolbar.cpp": 40, "color_curve.h": 2, "LICENSE.txt": 75, "README.md": 191, "combobox.cpp": 37, "draw.cpp": 1, "int_entry.cpp": 27, "manager.cpp": 107, "menu.cpp": 45, "timer.cpp": 11, "tooltips.cpp": 30, "cmd_import_sprite_sheet.cpp": 56, "entry.h": 25, "menu.h": 21, "filter_worker.cpp": 15, "display.h": 17, "bind.h": 5, "sheet.png": 78, "skin.xml": 76, "canvas_size.xml": 7, "cmd_canvas_size.cpp": 35, "button_set.cpp": 43, "button_set.h": 21, "skin_theme.cpp": 147, "widget_loader.h": 6, "ui_class.cpp": 22, "grid.cpp": 15, "grid.h": 4, "widget.cpp": 104, "widget.h": 51, "intertwiners.h": 25, "cmd_configure_tools.cpp": 11, "cmd_grid.cpp": 21, "cmd_onionskin.cpp": 13, "cmd_convolution_matrix.cpp": 23, "cmd_despeckle.cpp": 18, "settings.h": 20, "ui_settings_impl.cpp": 26, "ui_settings_impl.h": 18, "point_shapes.h": 35, "algo.h": 5, "file_system.cpp": 21, "config.h": 46, "resources_win32.rc": 32, "manager.h": 32, "file_selector.h": 27, "mini_editor.h": 1, "window.cpp": 64, "window.h": 106, "wwnd.c": 4, "configure_timeline_popup.cpp": 31, "cmd_background_from_layer.cpp": 23, "cmd_clear_cel.cpp": 23, "cmd_crop.cpp": 21, "cmd_flatten_layers.cpp": 15, "document_range_ops.cpp": 31, "document_range_tests.cpp": 30, "ase.txt": 23, "ase_format.cpp": 77, "clock.cpp": 2, "clock.h": 4, "close_button.cpp": 3, "close_button.h": 2, "font.h": 21, "fontbmp.cpp": 2, "key_poller.cpp": 13, "key_poller.h": 2, "mouse_poller.cpp": 19, "mouse_poller.h": 2, "she.cpp": 73, "surface.h": 31, "capabilities.h": 6, "event.h": 21, "alert.cpp": 21, "button.cpp": 25, "keys.cpp": 12, "message.h": 19, "image_view.cpp": 6, "move_region.cpp": 15, "move_region.h": 3, "theme.cpp": 50, "ui.h": 14, "debug.cpp": 12, "debug.h": 11, "pic_file.cpp": 8, "pic_file.h": 2, "listbox.cpp": 28, "conversion_alleg.cpp": 4, "conversion_alleg.h": 2, "transform_handles.cpp": 22, "fixmath.cpp": 3, "fixmath.h": 3, "cmd_cel_properties.cpp": 48, "cmd_change_pixel_format.cpp": 48, "cmd_goto_frame.cpp": 28, "cmd_new_file.cpp": 34, "cmd_save_mask.cpp": 18, "cmd_sprite_properties.cpp": 29, "cmd_sprite_size.cpp": 51, "cmd_switch_colors.cpp": 14, "commands.cpp": 9, "data_recovery.cpp": 25, "bmp_format.cpp": 19, "fli_format.cpp": 29, "ico_format.cpp": 23, "pcx_format.cpp": 14, "tga_format.cpp": 14, "palettes.cpp": 16, "palettes.h": 7, "tool_box.cpp": 31, "split_filename.cpp": 8, "split_filename.h": 3, "split_filename_tests.cpp": 9, "string.cpp": 12, "string.h": 8, "string_tests.cpp": 9, ".gitmodules": 46, "jpeg_format.cpp": 29, "ini_file.h": 8, "ini_file_tests.cpp": 2, "gfx.cpp": 19, "simpleini": 3, "gfx.h": 12, "graphics.cpp": 42, "graphics.h": 24, "file_system.h": 10, "path.cpp": 14, "path.h": 8, "path_tests.cpp": 4, "color.cpp": 27, "color.h": 20, "color_picker.cpp": 18, "color_target.h": 4, "color_utils.h": 7, "cmd_close_file.cpp": 16, "cmd_copy.cpp": 10, "cmd_cut.cpp": 10, "cmd_deselect_mask.cpp": 13, "cmd_duplicate_layer.cpp": 17, "cmd_duplicate_sprite.cpp": 15, "cmd_export_sprite_sheet.cpp": 104, "cmd_eyedropper.cpp": 27, "cmd_flip.h": 8, "cmd_frame_properties.cpp": 27, "cmd_goto_layer.cpp": 19, "cmd_invert_mask.cpp": 17, "cmd_layer_from_background.cpp": 17, "cmd_layer_properties.cpp": 44, "cmd_load_mask.cpp": 20, "cmd_mask_all.cpp": 16, "cmd_mask_by_color.cpp": 27, "cmd_merge_down_layer.cpp": 25, "cmd_new_layer.cpp": 50, "cmd_new_layer_set.cpp": 11, "cmd_open_file.cpp": 37, "cmd_paste.cpp": 9, "cmd_remove_frame.cpp": 18, "cmd_remove_layer.cpp": 27, "cmd_reselect_mask.cpp": 13, "cmd_save_file.cpp": 70, "cmd_undo.cpp": 27, "cmd_invert_color.cpp": 8, "cmd_replace_color.cpp": 18, "filter_manager_impl.cpp": 51, "filter_manager_impl.h": 32, "filter_target_buttons.cpp": 18, "context_flags.cpp": 19, "document_exporter.h": 31, "document_location.cpp": 5, "document_location.h": 3, "document_range.cpp": 14, "document_range.h": 13, "document_undo.h": 11, "file.h": 54, "gif_format.cpp": 98, "gif_options.h": 9, "png_format.cpp": 33, "flatten.cpp": 13, "flatten.h": 3, "handle_anidir.cpp": 12, "handle_anidir.h": 9, "palette_resource.h": 4, "document_settings.h": 4, "settings_observers.h": 7, "test_context.h": 17, "thumbnail_generator.cpp": 24, "intertwine.cpp": 8, "point_shape.cpp": 4, "shade_table.cpp": 3, "tool_loop.h": 33, "color_bar.h": 59, "color_button.h": 20, "moving_cel_state.h": 16, "pixels_movement.h": 36, "zooming_state.cpp": 17, "palettes_listbox.cpp": 17, "palettes_listbox.h": 10, "resources_listbox.cpp": 26, "status_bar.h": 40, "undo_transaction.cpp": 2, "undo_transaction.h": 1, "add_cel.cpp": 20, "add_cel.h": 7, "add_frame.cpp": 15, "add_frame.h": 10, "add_image.cpp": 2, "add_image.h": 2, "add_layer.cpp": 23, "add_layer.h": 10, "add_palette.cpp": 10, "add_palette.h": 11, "close_group.cpp": 2, "close_group.h": 2, "dirty_area.cpp": 2, "dirty_area.h": 2, "flip_image.cpp": 11, "flip_image.h": 7, "image_area.cpp": 2, "image_area.h": 2, "move_layer.cpp": 18, "move_layer.h": 10, "open_group.cpp": 2, "open_group.h": 2, "remap_palette.cpp": 3, "remap_palette.h": 3, "remove_cel.cpp": 6, "remove_cel.h": 6, "remove_frame.cpp": 18, "remove_frame.h": 9, "remove_image.cpp": 2, "remove_image.h": 2, "remove_layer.cpp": 7, "remove_layer.h": 6, "remove_palette.cpp": 8, "remove_palette.h": 8, "replace_image.cpp": 12, "replace_image.h": 13, "set_cel_frame.cpp": 13, "set_cel_frame.h": 10, "set_cel_opacity.cpp": 15, "set_cel_opacity.h": 5, "set_cel_position.cpp": 15, "set_cel_position.h": 5, "set_frame_duration.cpp": 13, "set_frame_duration.h": 7, "set_layer_flags.cpp": 8, "set_layer_flags.h": 5, "set_layer_name.cpp": 13, "set_layer_name.h": 7, "set_mask.cpp": 9, "set_mask_position.cpp": 8, "set_mask_position.h": 6, "set_palette_colors.cpp": 3, "set_palette_colors.h": 3, "set_sprite_pixel_format.cpp": 1, "set_sprite_pixel_format.h": 2, "set_sprite_size.cpp": 12, "set_sprite_size.h": 5, "set_sprite_transparent_color.cpp": 2, "set_sprite_transparent_color.h": 2, "set_total_frames.cpp": 12, "set_total_frames.h": 6, "autocrop.cpp": 4, "autocrop.h": 4, "boundary.cpp": 3, "boundary.h": 2, "clipboard.h": 22, "expand_cel_canvas.cpp": 41, "expand_cel_canvas.h": 15, "misc.h": 1, "msk_file.h": 1, "render.h": 42, "algo.cpp": 15, "flip_type.h": 1, "floodfill.cpp": 8, "floodfill.h": 4, "hline.h": 1, "polygon.cpp": 2, "polygon.h": 2, "resize_image.cpp": 17, "resize_image.h": 7, "rotate.h": 2, "rotsprite.cpp": 14, "rotsprite.h": 2, "shrink_bounds.cpp": 8, "shrink_bounds.h": 3, "brush.cpp": 20, "brush.h": 18, "brush_type.h": 4, "cel.cpp": 15, "cel.h": 19, "cel_io.cpp": 12, "cel_io.h": 7, "cel_list.h": 2, "color_histogram.h": 9, "color_mode.h": 1, "color_scales.cpp": 3, "color_scales.h": 6, "context.cpp": 45, "context.h": 36, "context_observer.h": 6, "context_tests.cpp": 3, "conversion_she.cpp": 12, "conversion_she.h": 1, "dirty.cpp": 3, "dirty.h": 3, "dirty_io.cpp": 3, "dirty_io.h": 2, "dithering_method.h": 3, "doc.h": 30, "document_event.h": 3, "documents.cpp": 9, "cfg.cpp": 13, "cfg.h": 5, "layer_io.cpp": 19, "cmd_reverse_frames.cpp": 14, "document_range_ops.h": 8, "pixman-region.c": 2, "region.cpp": 10, "region.h": 8, "pixman": 4, "pixman-version.h.cmake": 4, "resize_image_tests.cpp": 7, "alleg4_surface.h": 1, "region_tests.cpp": 5, "keyboard_shortcuts.xml": 9, "select_accelerator.xml": 9, "app_menus.h": 32, "cmd_advanced_mode.cpp": 15, "cmd_cancel.cpp": 14, "cmd_change_brush.cpp": 17, "cmd_change_color.cpp": 13, "cmd_developer_console.cpp": 12, "cmd_goto_tab.cpp": 12, "cmd_keyboard_shortcuts.cpp": 84, "cmd_scroll.cpp": 17, "cmd_zoom.cpp": 22, "command.cpp": 9, "command.h": 13, "params.h": 9, "app_menuitem.cpp": 21, "app_menuitem.h": 14, "keyboard_shortcuts.cpp": 46, "keyboard_shortcuts.h": 27, "select_accelerator.cpp": 24, "select_accelerator.h": 11, "xml_document.cpp": 5, "xml_document.h": 5, "listbox.h": 14, "qzmouse.m": 10, "cursor_type.h": 4, "document_api_tests.cpp": 16, "file_handle.cpp": 7, "wddbmp.c": 6, "wddbmpl.c": 5, "wddraw.h": 4, "wddwin.c": 9, "app_options.cpp": 58, "app_options.h": 51, "program_options.h": 6, "program_options_tests.cpp": 5, "gen.cpp": 17, "cmd_save_file.h": 25, "cmd_sprite_size.h": 10, "job.cpp": 14, "job.h": 9, "documents.h": 8, "rect_io.h": 6, "rect_tests.cpp": 4, "packing_rects.cpp": 3, "packing_rects.h": 5, "packing_rects_tests.cpp": 4, "CONTRIBUTING.md": 10, "cmd_set_loop_section.cpp": 23, "document_observer.h": 11, "editor_state.h": 24, "color_picker.h": 12, "sprite.cpp": 70, "sprite.h": 57, "image.h": 8, "layer.h": 38, "mask.h": 8, "context_flags.h": 10, "images_collector.cpp": 9, "images_collector.h": 8, "layer.cpp": 35, "mask.cpp": 14, "zoom.cpp": 13, "zoom.h": 14, "wmouse.c": 4, "tools_configuration.xml": 3, "link_label.cpp": 8, "splitter.cpp": 22, "color_selector.h": 19, "tabs.cpp": 92, "cmd_about.cpp": 19, "editor_view.cpp": 25, "hex_color_entry.cpp": 10, "style.cpp": 30, "start_view.cpp": 5, "popup_window.cpp": 29, "theme.h": 29, "TODO.md": 14, "image_buffer.h": 7, "zooming_state.h": 5, "scoped_handle.h": 4, "ink.h": 12, "intertwine.h": 5, "trace_policy.h": 2, "scoped_cursor.h": 3, "modified_region.cpp": 2, "modified_region.h": 2, "image_impl.h": 11, "primitives.cpp": 18, "primitives.h": 11, "quantization.cpp": 44, "mask_io.cpp": 4, "cmd_mask_content.cpp": 22, "pref.xml": 206, "option.h": 17, "option_io.h": 2, "preferences.cpp": 30, "preferences.h": 35, "common.h": 4, "pref_types.cpp": 15, "pref_types.h": 1, "app_render.cpp": 7, "app_render.h": 5, "frame_number.h": 2, "image_traits.h": 5, "quantization.h": 19, "clip.cpp": 4, "clip.h": 6, "clip_tests.cpp": 3, "hsv.cpp": 4, "hsv_tests.cpp": 2, "rgb_tests.cpp": 2, "get_sprite_pixel.cpp": 9, "get_sprite_pixel.h": 5, "median_cut.h": 11, "render_tests.cpp": 14, "context_access.h": 6, "col_file.cpp": 6, "gpl_file.cpp": 13, "frame.h": 1, "palette_io.cpp": 3, "sprite_position.h": 7, "CODE_OF_CONDUCT.md": 2, "object_io.cpp": 5, "object_io.h": 7, "image_ref.h": 3, "layer_io.h": 6, "object_type.h": 10, "sprites.cpp": 7, "stock.cpp": 1, "stock.h": 1, "subobjects_io.h": 6, "undo_command.h": 4, "undo_history.cpp": 8, "undo_history.h": 6, "undo_state.h": 7, "undo_tests.cpp": 8, "cmd.cpp": 18, "cmd.h": 9, "background_from_layer.cpp": 13, "background_from_layer.h": 4, "clear_cel.cpp": 6, "clear_cel.h": 4, "clear_image.cpp": 8, "clear_image.h": 4, "clear_mask.cpp": 12, "clear_mask.h": 7, "configure_background.cpp": 8, "configure_background.h": 4, "copy_cel.cpp": 19, "copy_cel.h": 5, "copy_frame.cpp": 10, "copy_frame.h": 6, "copy_rect.cpp": 6, "copy_rect.h": 4, "copy_region.cpp": 16, "copy_region.h": 10, "deselect_mask.cpp": 8, "deselect_mask.h": 6, "flatten_layers.cpp": 18, "flatten_layers.h": 7, "flip_mask.cpp": 6, "flip_mask.h": 5, "flip_masked_cel.cpp": 9, "flip_masked_cel.h": 5, "layer_from_background.cpp": 7, "layer_from_background.h": 4, "move_cel.cpp": 16, "move_cel.h": 5, "reselect_mask.cpp": 8, "reselect_mask.h": 6, "set_mask.h": 8, "set_palette.cpp": 10, "set_palette.h": 8, "set_pixel_format.cpp": 26, "set_pixel_format.h": 10, "set_transparent_color.cpp": 11, "set_transparent_color.h": 5, "with_cel.cpp": 4, "with_cel.h": 4, "with_document.cpp": 5, "with_document.h": 5, "with_image.cpp": 4, "with_image.h": 4, "with_layer.cpp": 4, "with_layer.h": 4, "with_palette.cpp": 3, "with_palette.h": 3, "with_sprite.cpp": 5, "with_sprite.h": 5, "cmd_sequence.cpp": 6, "cmd_sequence.h": 6, "cmd_transaction.cpp": 13, "cmd_transaction.h": 10, "document_undo.cpp": 12, "objects_container_impl.cpp": 1, "objects_container_impl_tests.cpp": 1, "transaction.cpp": 18, "transaction.h": 11, "object.cpp": 10, "object.h": 4, "modification.h": 1, "object_id.h": 3, "objects_container.h": 1, "undo_exception.h": 1, "undoer.h": 1, "undoers_collector.h": 1, "undoers_stack.cpp": 1, "undoers_stack.h": 1, "skin_parts.h": 16, "popup_window.h": 17, "unlink_cel.cpp": 9, "unlink_cel.h": 6, "cmd_unlink_cel.cpp": 18, "set_cel_image.cpp": 1, "set_cel_image.h": 2, "filename_formatter.cpp": 23, "filename_formatter.h": 15, "filename_formatter_tests.cpp": 14, "replace_string.cpp": 8, "replace_string.h": 6, "replace_string_tests.cpp": 6, "cmd_layer_visibility.cpp": 14, "gif_options.xml": 7, "editor_view.h": 11, "set_cel_data.cpp": 8, "set_cel_data.h": 5, "cel_data.cpp": 8, "cel_data.h": 10, "cel_data_io.cpp": 12, "cel_data_io.h": 5, "cels_range.cpp": 10, "cels_range.h": 11, "image_io.cpp": 13, "sprite_tests.cpp": 9, "subobjects_io.cpp": 4, "cmd_fullscreen_preview.cpp": 34, "cmd_toggle_preview.cpp": 9, "preview_editor.cpp": 40, "preview_editor.h": 12, "toolbar.h": 12, "document_view.h": 22, "navigate_state.cpp": 5, "navigate_state.h": 1, "state_with_wheel_behavior.cpp": 28, "state_with_wheel_behavior.h": 3, "24bits.h": 5, "base.h": 20, "config.h.cmakein": 5, "backup.cpp": 3, "backup.h": 3, "color_swatches.cpp": 2, "color_swatches.h": 2, "color_tests.cpp": 6, "cmd_copy_cel.cpp": 9, "cmd_exit.cpp": 16, "cmd_export_sprite_sheet.h": 3, "cmd_move_cel.cpp": 9, "cmd_open_in_folder.cpp": 7, "cmd_open_with_app.cpp": 7, "cmd_repeat_last_export.cpp": 14, "cmd_sprite_editor.cpp": 3, "cmd_timeline.cpp": 13, "command_factory.h": 3, "commands.h": 8, "convolution_matrix_stock.cpp": 8, "convolution_matrix_stock.h": 4, "filter_preview.h": 5, "filter_target_buttons.h": 11, "filter_window.cpp": 11, "filter_window.h": 4, "filter_worker.h": 2, "console.h": 5, "data_recovery.h": 10, "document_access.h": 10, "errno_tests.cpp": 2, "file_format.cpp": 6, "file_format.h": 21, "fli.cpp": 4, "format_options.h": 2, "find_widget.h": 1, "file_handle_tests.cpp": 5, "memory_dump.cpp": 4, "memory_dump_win32.h": 4, "mutex.cpp": 4, "system_console.cpp": 4, "thread.cpp": 8, "test.h": 9, "sha1.cpp": 8, "snap_to_grid.cpp": 4, "snap_to_grid.h": 3, "configure_timeline_popup.h": 20, "convolution_matrix_filter.cpp": 12, "median_filter.cpp": 5, "neighboring_pixels.h": 2, "tiled_mode.h": 1, "start_view.h": 2, "tabs.h": 38, "workspace.cpp": 34, "workspace_part.cpp": 4, "skin_class.cpp": 6, "skin_class.h": 2, "frame_tags.cpp": 12, "frame_tags.h": 12, "frame_tag.cpp": 10, "frame_tag.h": 9, "string_io.cpp": 4, "string_io.h": 1, "frame_tag_io.cpp": 5, "frame_tag_io.h": 4, "background_repeat.h": 2, "style.h": 23, "style_sheet.cpp": 9, "style_sheet.h": 8, "add_frame_tag.cpp": 11, "add_frame_tag.h": 5, "cmd_new_frame_tag.cpp": 17, "remove_frame_tag.cpp": 3, "remove_frame_tag.h": 3, "with_frame_tag.cpp": 3, "with_frame_tag.h": 3, "cmd_remove_frame_tag.cpp": 16, "anidir.h": 3, "home_view.cpp": 46, "home_view.h": 20, "frame_properties.xml": 4, "devconsole_view.cpp": 27, "devconsole_view.h": 17, "cmd_home.cpp": 9, "workspace_view.h": 9, "frame_tag_properties.xml": 6, "set_frame_tag_anidir.cpp": 6, "set_frame_tag_anidir.h": 3, "set_frame_tag_color.cpp": 6, "set_frame_tag_color.h": 3, "set_frame_tag_name.cpp": 6, "set_frame_tag_name.h": 3, "set_frame_tag_range.cpp": 6, "set_frame_tag_range.h": 3, "cmd_frame_tag_properties.cpp": 15, "workspace.h": 26, "home_view.xml": 15, "skin_style_property.cpp": 4, "skin_style_property.h": 5, "label.cpp": 11, "label.h": 5, "check_update_delegate.h": 6, "convert_to.cpp": 8, "convert_to.h": 8, "recent_files.cpp": 13, "recent_files.h": 12, "news_listbox.cpp": 18, "news_listbox.h": 6, "recent_listbox.cpp": 31, "recent_listbox.h": 15, "link_label.h": 9, "main_window.xml": 4, "splitter.h": 9, "clipboard_win.h": 3, "display_handle.h": 3, "native_dialogs.h": 19, "native_dialogs.cpp": 22, "http_loader.cpp": 17, "http_loader.h": 4, "resources_loader.cpp": 15, "resources_loader.h": 5, "http_request.cpp": 10, "http_response.h": 5, "view.cpp": 34, "workspace_part.h": 2, "time.cpp": 7, "time.h": 6, "exception.cpp": 5, "skin_part.h": 11, "mem_utils.h": 5, "memory.h": 5, "observers.h": 7, "recent_items.h": 7, "split_string.cpp": 5, "version.h": 6, "image_tests.cpp": 6, "median_filter.h": 3, "transformation.cpp": 11, "transformation.h": 12, "http_response.cpp": 3, "skin_part.cpp": 8, "filetoks.cpp": 1, "chrono_unix.h": 4, "memory.cpp": 4, "image_iterator.h": 4, "grid_ui_tests.cpp": 11, "scroll_bar.cpp": 10, "dgif_lib.c": 3, "egif_lib.c": 3, "quantize.c": 4, "glyph.c": 3, "utf8.h": 3, "wsystem.c": 3, "sha1_rfc3174.c": 6, "sprites.h": 5, "loop_tag.cpp": 5, "loop_tag.h": 6, "frame_tag_window.cpp": 7, "frame_tag_window.h": 6, "timeline_conf.xml": 19, "signal.h": 9, "clipboard_simple.h": 3, "event_queue.h": 25, "she.h": 7, "skia_display.h": 29, "skia_event_queue.h": 4, "skia_font.h": 2, "skia_surface.h": 54, "skia_system.h": 50, "skia_window.h": 9, "clipboard.mm": 4, "native_dialogs.mm": 14, "export_sprite_sheet.xml": 21, "export_data.h": 2, "rect.h": 16, "import_sprite_sheet.xml": 15, "remap.cpp": 10, "remap.h": 11, "remap_tests.cpp": 4, "remap_colors.cpp": 6, "remap_colors.h": 5, "font.png": 8, "minifont.png": 2, "locked_surface.h": 13, "overlay_manager.cpp": 6, "widget_type.h": 4, "animated_widget.h": 9, "workspace_panel.cpp": 17, "workspace_panel.h": 9, "workspace_tabs.cpp": 3, "workspace_tabs.h": 2, "skin_property.h": 5, "skin_slider_property.h": 2, "file_handle.h": 4, "shared_ptr.h": 6, "shared_ptr_tests.cpp": 5, "convolution_matrix_filter.h": 4, "alert.h": 10, "property.h": 2, "new_image_from_mask.cpp": 12, "new_image_from_mask.h": 7, "gui_xml.cpp": 6, "editor_states_history.cpp": 1, "skin_property.cpp": 5, "image_io.h": 5, "mask_io.h": 1, "palette_io.h": 1, "session.cpp": 38, "session.h": 20, "process.cpp": 6, "process.h": 7, "temp_dir.cpp": 2, "temp_dir.h": 2, "concurrent_queue.h": 4, "backup_observer.cpp": 39, "backup_observer.h": 13, "cmd_duplicate_view.cpp": 7, "play_state.cpp": 35, "play_state.h": 18, "ani_controls.cpp": 21, "ani_controls.h": 5, "document_io.cpp": 2, "document_io.h": 1, "color_spectrum.cpp": 27, "color_spectrum.h": 11, "read_document.cpp": 32, "read_document.h": 8, "write_document.cpp": 28, "write_document.h": 5, "data_recovery_view.cpp": 38, "data_recovery_view.h": 18, "combobox.h": 14, "listitem.h": 9, "convmatr.def": 1, "vk.cpp": 14, "skia_display.cpp": 38, "skia_window.cpp": 3, "site.cpp": 10, "site.h": 16, "version.cpp": 4, "version_tests.cpp": 4, "point_shape.h": 6, "compressed_image.cpp": 7, "compressed_image.h": 5, "tool_box.h": 16, "tool_loop_impl.h": 13, "extra_type.h": 2, "cmd_discard_brush.cpp": 10, "cmd_new_brush.cpp": 36, "brush_pattern.h": 4, "select_box_state.h": 19, "clear_rect.cpp": 8, "clear_rect.h": 5, "brush_popup.cpp": 51, "brush_popup.h": 17, "brushes.h": 2, "tooltips.h": 13, "component.cpp": 2, "component.h": 1, "intern.cpp": 9, "intern.h": 7, "sort_palette.cpp": 5, "sort_palette.h": 3, "cmd_set_palette_entry_size.cpp": 6, "cmd_color_quantization.cpp": 25, "marching_ants.h": 4, "palette_picks.h": 8, "new_sprite.xml": 13, "input_chain.cpp": 3, "input_chain.h": 8, "input_chain_element.h": 2, "color_sliders.cpp": 33, "color_sliders.h": 18, "right_click_mode.h": 1, "launcher.h": 7, "ink_type.h": 9, "freehand_algorithm.h": 1, "rotation_algorithm.h": 1, "selection_mode.h": 2, "int_entry.h": 5, "fstream_path.h": 7, "pal_file.cpp": 3, "pal_file.h": 1, "skia_window_win.cpp": 30, "skia_window_win.h": 21, "gl_context_wgl.h": 7, "file_selector.xml": 15, "file_list.h": 15, "CONTRIBUTORS": 1, "COPYING": 3, "README": 9, "gtest-death-test.h": 1, "gtest-message.h": 1, "gtest-param-test.h": 1, "gtest-param-test.h.pump": 1, "gtest-spi.h": 1, "gtest-test-part.h": 1, "gtest-typed-test.h": 1, "gtest.h": 1, "gtest_pred_impl.h": 1, "gtest_prod.h": 1, "gtest-death-test-internal.h": 1, "gtest-filepath.h": 1, "gtest-internal.h": 1, "gtest-linked_ptr.h": 1, "gtest-param-util-generated.h": 1, "gtest-param-util-generated.h.pump": 1, "gtest-param-util.h": 1, "gtest-port.h": 1, "gtest-string.h": 1, "gtest-tuple.h": 1, "gtest-tuple.h.pump": 1, "gtest-type-util.h": 1, "gtest-type-util.h.pump": 1, "gtest-all.cc": 1, "gtest-death-test.cc": 1, "gtest-filepath.cc": 1, "gtest-internal-inl.h": 1, "gtest-port.cc": 1, "gtest-test-part.cc": 1, "gtest-typed-test.cc": 1, "gtest.cc": 1, "gtest_main.cc": 1, "gtest": 4, "strequal.h": 1, "README.txt": 2, "alosx.h": 3, "app_delegate.h": 12, "app_delegate.mm": 17, "event_queue.mm": 12, "window.mm": 27, "skia_window_osx.h": 11, "skia_window_osx.mm": 47, "new_folder_window.xml": 3, ".travis.yml": 38, "size.h": 6, "accelerator_ui_tests.cpp": 1, "mask_boundaries.cpp": 4, "mask_boundaries.h": 1, "image_impl.cpp": 1, "primitives_fast.h": 2, "http_headers.cpp": 1, "http_headers.h": 1, "http_request.h": 3, "image_bits.h": 1, "layer_properties.xml": 8, "set_layer_blend_mode.cpp": 9, "set_layer_blend_mode.h": 4, "blend_funcs.cpp": 14, "blend_funcs.h": 6, "blend_internals.h": 1, "blend_mode.h": 3, "image.cpp": 5, "set_layer_opacity.cpp": 9, "set_layer_opacity.h": 4, "solarized.gpl": 4, "pi.h": 4, "FindV8.cmake": 1, "engine.cpp": 57, "engine_duktape.h": 4, "duktape": 4, "engine.h": 45, "engine_delegate.h": 6, "engine_none.h": 1, "sprite_properties.xml": 9, "ordered_dither.h": 17, "ordered_dither_tests.cpp": 4, "AUTHORS": 2, "ChangeLog": 3, "INSTALL": 2, "NEWS": 2, "art_affine.c": 1, "art_affine.h": 1, "art_alphagamma.c": 1, "art_alphagamma.h": 1, "art_bpath.c": 1, "art_bpath.h": 1, "art_config.h": 1, "art_filterlevel.h": 1, "art_gray_svp.c": 1, "art_gray_svp.h": 1, "art_misc.c": 1, "art_misc.h": 1, "art_pathcode.h": 1, "art_pixbuf.c": 1, "art_pixbuf.h": 1, "art_point.h": 1, "art_rect.c": 1, "art_rect.h": 1, "art_rect_svp.c": 1, "art_rect_svp.h": 1, "art_rect_uta.c": 1, "art_rect_uta.h": 1, "art_render.c": 1, "art_render.h": 1, "art_render_gradient.c": 1, "art_render_gradient.h": 1, "art_render_svp.c": 1, "art_render_svp.h": 1, "art_rgb.c": 1, "art_rgb.h": 1, "art_rgb_affine.c": 1, "art_rgb_affine.h": 1, "art_rgb_affine_private.c": 1, "art_rgb_affine_private.h": 1, "art_rgb_bitmap_affine.c": 1, "art_rgb_bitmap_affine.h": 1, "art_rgb_pixbuf_affine.c": 1, "art_rgb_pixbuf_affine.h": 1, "art_rgb_rgba_affine.c": 1, "art_rgb_rgba_affine.h": 1, "art_rgb_svp.c": 1, "art_rgb_svp.h": 1, "art_rgba.c": 1, "art_rgba.h": 1, "art_svp.c": 1, "art_svp.h": 1, "art_svp_ops.c": 1, "art_svp_ops.h": 1, "art_svp_point.c": 1, "art_svp_point.h": 1, "art_svp_render_aa.c": 1, "art_svp_render_aa.h": 1, "art_svp_vpath.c": 1, "art_svp_vpath.h": 1, "art_svp_vpath_stroke.c": 1, "art_svp_vpath_stroke.h": 1, "art_svp_wind.c": 1, "art_svp_wind.h": 1, "art_uta.c": 1, "art_uta.h": 1, "art_uta_ops.c": 1, "art_uta_ops.h": 1, "art_uta_rect.c": 1, "art_uta_rect.h": 1, "art_uta_svp.c": 1, "art_uta_svp.h": 1, "art_uta_vpath.c": 1, "art_uta_vpath.h": 1, "art_vpath.c": 1, "art_vpath.h": 1, "art_vpath_bpath.c": 1, "art_vpath_bpath.h": 1, "art_vpath_dash.c": 1, "art_vpath_dash.h": 1, "art_vpath_svp.c": 1, "art_vpath_svp.h": 1, "libart-features.c": 1, "libart-features.h": 1, "libart.h": 1, "drop_down_button.cpp": 8, "popup_window_pin.cpp": 17, "box.cpp": 13, "box.h": 4, "listitem.cpp": 10, "ui.cpp": 2, "event.cpp": 1, "border.h": 3, "panel.cpp": 5, "separator.cpp": 9, "viewport.cpp": 6, "brush_preview.cpp": 52, "brush_preview.h": 11, "scrolling_state.h": 3, "palette_size.xml": 4, "cmd_palette_size.cpp": 18, "palette_from_sprite.xml": 6, "rgbmap.cpp": 4, "rgbmap.h": 6, "color_curve_filter.cpp": 5, "invert_color_filter.cpp": 2, "cmd_eyedropper.h": 10, "shift_masked_cel.cpp": 6, "shift_masked_cel.h": 3, "shift_image.cpp": 3, "shift_image.h": 2, "create_cel_copy.cpp": 13, "create_cel_copy.h": 4, "pivot_helpers.cpp": 7, "pivot_helpers.h": 4, "alleg_display.cpp": 19, "alleg_display.h": 11, "alleg_surface.cpp": 14, "alleg_surface.h": 13, "display_events.cpp": 4, "display_events.h": 2, "message_type.h": 4, "onionskin_position.h": 1, "button_icon_impl.cpp": 3, "button_icon_impl.h": 3, "skin_button.h": 6, "button.h": 11, "replace_color_filter.cpp": 4, "cmd_set_color_selector.cpp": 16, "color_wheel.cpp": 34, "color_wheel.h": 18, "cmd_tiled_mode.cpp": 7, "slider.h": 6, "cmd_link_cels.cpp": 13, "cmd_rotate.h": 5, "wrap_value.h": 4, "cmd_new_sprite_from_selection.cpp": 17, "zoom_entry.cpp": 9, "zoom_entry.h": 7, "extra_cel.cpp": 5, "extra_cel.h": 4, "pick_ink.cpp": 1, "pick_ink.h": 1, "cel_properties.xml": 6, "overlay.cpp": 9, "resources_listbox.h": 9, "app_scripting.cpp": 15, "app_scripting.h": 13, "shade_table.h": 1, "shading_mode.h": 1, "shading_options.h": 1, "raw_color.h": 3, "color_curve.xml": 1, "color_curve_point.xml": 4, "white_to_alpha.js": 7, "cmd_run_script.cpp": 21, "modules.cpp": 5, "overlay_manager.h": 3, "webp_options.xml": 4, "webp_format.cpp": 27, "webp_options.h": 2, "libwebp": 7, "fli.h": 3, "flic": 6, "keyboard.c": 3, "layer_list.h": 8, "scroll_bar.h": 5, "scroll_helper.cpp": 2, "scroll_helper.h": 2, "view.h": 32, "advanced_mode.xml": 4, "README.UNX": 1, "descrip.mms": 1, "BUGS": 2, "BUILD": 1, "CHANGES": 1, "FTL.txt": 3, "GPL.txt": 3, "PATENTS": 1, "TODO": 4, "license.txt": 1, "modules.txt": 1, "readme.vms": 1, "ftccache.h": 1, "ftccmap.h": 1, "ftcglyph.h": 1, "ftcimage.h": 1, "ftcmanag.h": 1, "ftcsbits.h": 1, "ftlru.h": 1, "ftconfig.h": 1, "ftheader.h": 1, "ftmodule.h": 2, "ftoption.h": 1, "freetype.h": 1, "ftbbox.h": 1, "ftcache.h": 1, "ftchapters.h": 1, "fterrors.h": 1, "ftglyph.h": 1, "ftimage.h": 1, "ftlist.h": 1, "ftmac.h": 1, "ftmm.h": 1, "ftmoderr.h": 1, "ftoutln.h": 1, "ftrender.h": 1, "ftsizes.h": 1, "ftsnames.h": 1, "ftsynth.h": 1, "ftsystem.h": 1, "fttrigon.h": 1, "fttypes.h": 1, "autohint.h": 1, "cfftypes.h": 1, "fnttypes.h": 1, "ftcalc.h": 1, "ftdebug.h": 1, "ftdriver.h": 1, "ftextend.h": 1, "ftmemory.h": 1, "ftobjs.h": 1, "ftstream.h": 1, "internal.h": 1, "pcftypes.h": 1, "psaux.h": 1, "psglobal.h": 1, "pshints.h": 1, "psnames.h": 1, "sfnt.h": 1, "t1types.h": 1, "tttypes.h": 1, "t1tables.h": 1, "ttnameid.h": 1, "tttables.h": 1, "tttags.h": 1, "ft2build.h": 1, "CatharonLicense.txt": 1, "ahangles.c": 1, "ahangles.h": 1, "aherrors.h": 1, "ahglobal.c": 1, "ahglobal.h": 1, "ahglyph.c": 1, "ahglyph.h": 1, "ahhint.c": 1, "ahhint.h": 1, "ahloader.h": 1, "ahmodule.c": 1, "ahmodule.h": 1, "ahoptim.c": 1, "ahoptim.h": 1, "ahtypes.h": 1, "autohint.c": 1, "mather.py": 1, "ftbase.c": 1, "ftbbox.c": 1, "ftcalc.c": 1, "ftdbgmem.c": 1, "ftdebug.c": 1, "ftextend.c": 1, "ftglyph.c": 1, "ftinit.c": 1, "ftlist.c": 1, "ftmac.c": 1, "ftmm.c": 1, "ftnames.c": 1, "ftobjs.c": 1, "ftoutln.c": 1, "ftstream.c": 1, "ftsynth.c": 1, "ftsystem.c": 1, "fttrigon.c": 1, "ftcache.c": 1, "ftccache.c": 1, "ftccmap.c": 1, "ftcerror.h": 1, "ftcglyph.c": 1, "ftcimage.c": 1, "ftcmanag.c": 1, "ftcsbits.c": 1, "ftlru.c": 1, "cff.c": 1, "cffdrivr.c": 1, "cffdrivr.h": 1, "cfferrs.h": 1, "cffgload.c": 1, "cffgload.h": 1, "cffload.c": 1, "cffload.h": 1, "cffobjs.c": 1, "cffobjs.h": 1, "cffparse.c": 1, "cffparse.h": 1, "cfftoken.h": 1, "ciderrs.h": 1, "cidgload.c": 1, "cidgload.h": 1, "cidload.c": 1, "cidload.h": 1, "cidobjs.c": 1, "cidobjs.h": 1, "cidparse.c": 1, "cidparse.h": 1, "cidriver.c": 1, "cidriver.h": 1, "cidtoken.h": 1, "type1cid.c": 1, "pcf.c": 1, "pcf.h": 1, "pcfdriver.c": 1, "pcfdriver.h": 1, "pcferror.h": 1, "pcfread.c": 1, "pcfutil.c": 1, "pcfutil.h": 1, "readme": 1, "psaux.c": 1, "psauxerr.h": 1, "psauxmod.c": 1, "psauxmod.h": 1, "psobjs.c": 1, "psobjs.h": 1, "t1decode.c": 1, "t1decode.h": 1, "pshalgo.h": 1, "pshalgo1.c": 1, "pshalgo1.h": 1, "pshalgo2.c": 1, "pshalgo2.h": 1, "pshglob.c": 1, "pshglob.h": 1, "pshinter.c": 1, "pshmod.c": 1, "pshmod.h": 1, "pshrec.c": 1, "pshrec.h": 1, "psmodule.c": 1, "psmodule.h": 1, "psnamerr.h": 1, "psnames.c": 1, "pstables.h": 1, "ftraster.c": 1, "ftraster.h": 1, "ftrend1.c": 1, "ftrend1.h": 1, "raster.c": 1, "rasterrs.h": 1, "sfdriver.c": 1, "sfdriver.h": 1, "sferrors.h": 1, "sfnt.c": 1, "sfobjs.c": 1, "sfobjs.h": 1, "ttcmap.c": 1, "ttcmap.h": 1, "ttload.c": 1, "ttload.h": 1, "ttpost.c": 1, "ttpost.h": 1, "ttsbit.c": 1, "ttsbit.h": 1, "ftgrays.c": 1, "ftgrays.h": 1, "ftsmerrs.h": 1, "ftsmooth.c": 1, "ftsmooth.h": 1, "smooth.c": 1, "truetype.c": 1, "ttdriver.c": 1, "ttdriver.h": 1, "tterrors.h": 1, "ttgload.c": 1, "ttgload.h": 1, "ttinterp.c": 1, "ttinterp.h": 1, "ttobjs.c": 1, "ttobjs.h": 1, "ttpload.c": 1, "ttpload.h": 1, "t1afm.c": 1, "t1afm.h": 1, "t1driver.c": 1, "t1driver.h": 1, "t1errors.h": 1, "t1gload.c": 1, "t1gload.h": 1, "t1load.c": 1, "t1load.h": 1, "t1objs.c": 1, "t1objs.h": 1, "t1parse.c": 1, "t1parse.h": 1, "t1tokens.h": 1, "type1.c": 1, "fnterrs.h": 1, "winfnt.c": 1, "winfnt.h": 1, "freetype2": 12, "paste_text.xml": 8, "cmd_paste_text.cpp": 31, "color.c": 3, "arne16.gpl": 5, "graphics.c": 3, "gl_context.h": 4, "gl_context_cgl.h": 5, "gl_context_skia.h": 2, "window_delegate.h": 4, "view.mm": 45, "vk.mm": 11, "font_popup.xml": 5, "font_popup.cpp": 29, "font_popup.h": 6, "freetype_utils.cpp": 19, "freetype_utils.h": 2, "undo_history.xml": 3, "cmd_undo_history.cpp": 26, "document_undo_observer.h": 4, "cmd_symmetry_mode.cpp": 7, "stroke.cpp": 2, "stroke.h": 2, "symmetries.cpp": 7, "symmetries.h": 6, "symmetry.h": 4, "moving_symmetry_state.cpp": 5, "moving_symmetry_state.h": 6, "layers_range.cpp": 4, "layers_range.h": 5, "cmd_pixel_perfect_mode.cpp": 6, "shade.h": 2, "icon_button.cpp": 6, "icon_button.h": 3, "shade.cpp": 1, "cmd_set_ink_type.cpp": 9, "ink_type.cpp": 2, "cmd_set_same_ink.cpp": 7, "search_entry.cpp": 5, "search_entry.h": 2, "xwin.c": 6, "pico-8.gpl": 4, "sprite_sheet_type.h": 1, "anidir.cpp": 2, "viewport.h": 2, "widgets_list.h": 2, "image_view.h": 3, "panel.h": 2, "preferred_size_event.h": 1, "separator.h": 3, "size_hint_event.cpp": 1, "size_hint_event.h": 2, "textbox.h": 3, "hit_test_event.h": 1, "init_theme_event.h": 2, "load_layout_event.h": 1, "overlay.h": 6, "paint_event.cpp": 2, "paint_event.h": 2, "resize_event.h": 1, "save_layout_event.h": 1, "drop_down_button.h": 3, "hex_color_entry.h": 5, "connection.cpp": 4, "connection.h": 8, "errno_string.cpp": 4, "errno_string.h": 4, "mutex_pthread.h": 4, "mutex_win32.h": 4, "slot.h": 4, "timer.h": 7, "modify_selection.xml": 5, "cmd_modify_selection.cpp": 12, "cmd_scroll_center.cpp": 9, "blend_mode.cpp": 2, ".gitignore": 4, "set_user_data.cpp": 4, "set_user_data.h": 4, "user_data_popup.cpp": 5, "user_data_popup.h": 2, "user_data.h": 3, "with_user_data.h": 5, "user_data_io.cpp": 3, "user_data_io.h": 2, "user_data.xml": 7, "app_brushes.cpp": 22, "app_brushes.h": 9, "brush_slot.h": 7, "brush_slot_params.xml": 6, "log.h": 15, "base64.cpp": 4, "base64.h": 4, "base64_tests.cpp": 4, "buffer.h": 5, "LICENSE": 7, "modp_b64.c": 4, "modp_b64.h": 4, "modp_b64_data.h": 4, "brush_type.cpp": 1, "file_list_view.cpp": 5, "file_list_view.h": 2, "scroll_region_event.h": 2, "window_dde.cpp": 9, "window_dde.h": 3, "gl_context_egl.h": 6, "xmouse.c": 3, "xwin.h": 3, "mouse.c": 3, "EULA.txt": 4, "webserver.cpp": 3, "mongoose.c": 1, "mongoose.h": 1, "dll.cpp": 4, "dll.h": 4, "dll_unix.h": 8, "dll_win32.h": 4, "steam.cpp": 12, "steam.h": 4, "color_tint_shade_tone.cpp": 15, "color_tint_shade_tone.h": 8, "pen.cpp": 18, "pen.h": 8, "pen_none.h": 3, "pen_win.h": 7, "MIT-license.txt": 2, "msgpack.h": 2, "pktdef.h": 2, "wintab.h": 2, "ints.h": 5, "serialization.h": 5, "user_agent.cpp": 5, "sprite_sheet_font.h": 14, "generic_surface.h": 14, "scoped_surface_lock.h": 3, "face.h": 21, "freetype_headers.h": 6, "lib.h": 7, "freetype_font.cpp": 17, "freetype_font.h": 13, "cmd_add_color.cpp": 11, "color_popup.cpp": 32, "color_popup.h": 17, "color_source.h": 1, "cmd_select_tile.cpp": 16, "a64.gpl": 4, "arne-paldac.gpl": 5, "arne32.gpl": 6, "cg-arne.gpl": 4, "copper-tech.gpl": 4, "cpc-boy.gpl": 4, "eroge-copper.gpl": 4, "gameboy-color-type1.gpl": 4, "jmp.gpl": 4, "monokai.gpl": 4, "psygnork.gpl": 4, "cmd_show.cpp": 11, "web-safe-colors.gpl": 3, "x11.gpl": 3, "xkeyboard.c": 3, "Find-tests.cmake": 1, "FindTests.cmake": 8, "vga-13h.gpl": 3, "libpng": 6, "Y2KINFO": 2, "example.c": 4, "libpng-manual.txt": 2, "png.c": 2, "png.h": 2, "pngconf.h": 2, "pngdebug.h": 2, "pngerror.c": 2, "pngget.c": 2, "pnginfo.h": 2, "pnglibconf.h": 2, "pngmem.c": 2, "pngpread.c": 2, "pngpriv.h": 2, "pngread.c": 2, "pngrio.c": 2, "pngrtran.c": 2, "pngrutil.c": 2, "pngset.c": 2, "pngstruct.h": 2, "pngtest.c": 2, "pngtrans.c": 2, "pngwio.c": 2, "pngwrite.c": 2, "pngwtran.c": 2, "pngwutil.c": 2, "zlib": 4, "adler32.c": 2, "algorithm.txt": 2, "compress.c": 2, "crc32.c": 2, "crc32.h": 2, "deflate.c": 2, "deflate.h": 2, "gzclose.c": 2, "gzguts.h": 2, "gzlib.c": 2, "gzread.c": 2, "gzwrite.c": 2, "infback.c": 2, "inffast.c": 2, "inffast.h": 2, "inffixed.h": 2, "inflate.c": 2, "inflate.h": 2, "inftrees.c": 2, "inftrees.h": 2, "minigzip.c": 2, "trees.c": 2, "trees.h": 2, "uncompr.c": 2, "zconf.h.cmakein": 2, "zlib.h": 2, "zutil.c": 2, "zutil.h": 2, "skia_window_x11.cpp": 7, "skia_window_x11.h": 8, "x11.cpp": 3, "x11.h": 4, "tool_loop_modifiers.h": 3, "app_object.cpp": 50, "app_object.h": 3, "console_object.cpp": 4, "console_object.h": 3, "pixel_color.h": 3, "sprite_class.cpp": 55, "sprite_class.h": 4, "shell.cpp": 4, "shell.h": 5, "image_class.cpp": 32, "image_class.h": 3, "image_wrap.cpp": 5, "image_wrap.h": 2, "sprite_wrap.cpp": 9, "sprite_wrap.h": 6, "raw_images_as.h": 1, "settings.manifest": 1, "pointer_type.h": 11, "active_tool.cpp": 7, "active_tool.h": 3, "active_tool_observer.h": 1, "pointer.h": 1, "glue.h": 2, "aseprite-thumbnailer": 4, "aseprite.thumbnailer": 3, "aseprite_thumb_creator.cpp": 4, "aseprite_thumb_creator.h": 4, "asepritethumbnail.desktop": 3, "aseprite.xml": 3, "clip": 25, "clipboard_native.cpp": 7, "clipboard_native.h": 1, "trim_cel.cpp": 8, "trim_cel.h": 7, "selection_class.cpp": 18, "selection_class.h": 3, "fwd.h": 5, "crop_cel.cpp": 6, "crop_cel.h": 3, "patch_cel.cpp": 5, "patch_cel.h": 3, "image_spec.h": 8, "cmd_copy_merged.cpp": 8, "generate_drop_files.h": 7, "point.h": 3, "pixel_ratio.h": 6, "aseprite.desktop": 7, "projection.h": 8, "set_pixel_ratio.cpp": 8, "set_pixel_ratio.h": 5, "pixel_ratio.cpp": 3, "cli_delegate.h": 9, "cli_open_file.h": 15, "cli_processor.cpp": 54, "cli_processor.h": 10, "cli_tests.cpp": 10, "default_cli_delegate.cpp": 28, "default_cli_delegate.h": 9, "preview_cli_delegate.cpp": 32, "preview_cli_delegate.h": 11, "engine_delegate.cpp": 4, "cli_open_file.cpp": 13, "new_layer.xml": 6, "cmd_new_group.cpp": 2, "selected_layers.cpp": 17, "selected_layers.h": 16, "frame_range.h": 5, "selected_frames.cpp": 14, "selected_frames.h": 15, "selected_frames_tests.cpp": 8, "thread.h": 6, "observable.h": 5, "observable": 18, "smile-basic.gpl": 5, "pixly_format.cpp": 20, "fs_osx.mm": 6, "thumbnails.cpp": 12, "undo": 5, "ISSUE_TEMPLATE.md": 7, "layer_list.cpp": 6, "layer_list_tests.cpp": 6, "layer_index.cpp": 3, "layer_index.h": 4, "LGPL-2.0.txt": 2, "LGPL-2.1.txt": 2, "native_cursor.h": 3, "hex.h": 5, "hex_file.cpp": 4, "hex_file.h": 2, "popup_window_pin.h": 9, "edg16.gpl": 4, "edg32.gpl": 4, "project.h": 3, "cmd_fit_screen.cpp": 5, "fit_bounds.cpp": 3, "fit_bounds.h": 2, "db16.gpl": 4, "db32.gpl": 4, "restore_visible_layers.cpp": 3, "restore_visible_layers.h": 2, "file_selector_extras.xml": 6, "layer_frame_comboboxes.cpp": 9, "layer_frame_comboboxes.h": 6, "master-system.gpl": 5, "documents_observer.h": 4, "cmd_toggle_timeline_thumbnails.cpp": 6, "thumbnails.h": 6, "set_cel_bounds.cpp": 6, "set_cel_bounds.h": 3, "detect_format.cpp": 12, "detect_format.h": 5, "skia_surface.cpp": 7, "laf": 104, "cfile.cpp": 3, "cfile.h": 3, "chrono.cpp": 3, "chrono.h": 3, "chrono_win32.h": 3, "clamp.h": 3, "disable_copying.h": 3, "exception.h": 3, "mem_utils.cpp": 3, "memory_dump.h": 3, "memory_dump_none.h": 3, "mutex.h": 3, "remove_from_container.h": 3, "scoped_lock.h": 3, "scoped_value.h": 3, "serialization.cpp": 3, "sha1.h": 3, "sha1_rfc3174.h": 3, "split_string.h": 3, "split_string_tests.cpp": 3, "system_console.h": 3, "thread_tests.cpp": 3, "trim_string.cpp": 3, "trim_string.h": 3, "unique_ptr.h": 3, "unique_ptr_tests.cpp": 3, "vector2d.h": 3, "win32_exception.cpp": 3, "win32_exception.h": 3, "backup_indicator.cpp": 2, "backup_indicator.h": 2, "rw_lock.cpp": 4, "rw_lock.h": 4, "rw_lock_tests.cpp": 4, "cancel_io.h": 2, "cmd_open_file.h": 8, "open_sequence.xml": 4, "vk.h": 7, "ase16.png": 2, "ase32.png": 2, "ase48.png": 2, "ase64.png": 2, "doc16.png": 2, "doc32.png": 2, "doc48.png": 2, "doc64.png": 2, "editor_states_history.h": 2, "cmd_layer_opacity.cpp": 9, "LICENSES.md": 21, "BSD.txt": 2, "MIT.txt": 2, "ZLIB.txt": 2, "allegro4-LICENSE.txt": 2, "curl-LICENSE.txt": 2, "giflib-LICENSE.txt": 2, "gtest-LICENSE.txt": 2, "libjpeg-LICENSE.txt": 2, "libpng-LICENSE.txt": 2, "xfree86-LICENSE.txt": 2, "cmd_open_browser.cpp": 5, "browser_view.cpp": 20, "browser_view.h": 3, "cmark": 2, "ase-file-specs.md": 17, "fli.txt": 2, "msk.txt": 2, "pic.txt": 2, "picpro.txt": 2, "scancode.cpp": 3, "scancode.h": 3, "en.ini": 126, "strings.cpp": 8, "strings.h": 8, "ui_class.h": 2, "check_strings.cpp": 8, "check_strings.h": 4, "convolution_matrix.xml": 2, "despeckle.xml": 3, "duplicate_sprite.xml": 2, "goto_frame.xml": 3, "grid_settings.xml": 3, "jpeg_options.xml": 3, "replace_color.xml": 3, "sprite_size.xml": 3, "strings_class.cpp": 5, "strings_class.h": 3, "cmd_contiguous_fill.cpp": 4, "cmd_open_group.cpp": 5, "mail24.gpl": 3, "draw_text.cpp": 15, "draw_text.h": 8, "palette.png": 3, "theme.xml": 66, "theme_class.cpp": 7, "theme_class.h": 2, "custom_label.cpp": 2, "custom_label.h": 2, "algorithm.h": 6, "hb_shaper.h": 9, "harfbuzz": 10, "hb_face.h": 6, "allegro.pcx": 2, "anipro_fixed.pcx": 2, "anipro_variable.pcx": 2, "ase1.pcx": 2, "ase2.pcx": 2, "aseprite_font.png": 2, "aseprite_mini.png": 2, "fonts.xml": 5, "font_path.cpp": 4, "font_path.h": 4, "font_path_osx.mm": 4, "font_path_unix.cpp": 5, "font_path_win.cpp": 4, "font_data.cpp": 9, "font_data.h": 7, "matriax8c.gpl": 4, "sheet.aseprite-data": 4, "slice_properties.xml": 5, "add_slice.cpp": 4, "add_slice.h": 3, "remove_slice.cpp": 2, "remove_slice.h": 2, "set_slice_key.cpp": 2, "set_slice_key.h": 3, "set_slice_name.cpp": 5, "set_slice_name.h": 3, "with_slice.cpp": 2, "with_slice.h": 2, "cmd_remove_slice.cpp": 9, "cmd_slice_properties.cpp": 8, "editor_hit.h": 2, "moving_slice_state.cpp": 5, "moving_slice_state.h": 3, "slice_window.cpp": 6, "slice_window.h": 4, "keyframes.h": 4, "keyframes_tests.cpp": 3, "slice.cpp": 5, "slice.h": 5, "slice_io.cpp": 5, "slice_io.h": 2, "slices.cpp": 2, "slices.h": 2, "lib.cpp": 5, "stream.cpp": 7, "stream.h": 5, "compound_style.cpp": 2, "compound_style.h": 2, "css.h": 2, "css_tests.cpp": 2, "map.h": 2, "query.cpp": 2, "query.h": 2, "rule.cpp": 2, "rule.h": 2, "sheet.cpp": 2, "sheet.h": 2, "state.h": 2, "stateful_style.h": 2, "value.cpp": 2, "value.h": 2, "match_words.h": 1, "tags.gpl": 1, "gpl-palette-extension.md": 1, "handle_type.h": 1, "moving_selection_state.cpp": 6, "moving_selection_state.h": 3, "cursor.h": 2, "ruler.h": 2, "file_data.cpp": 4, "file_data.h": 2, "mouse_buttons.h": 1, "scale.h": 1, "event_queue.cpp": 6, "dithering_algorithm.h": 3, "color_mode.xml": 6, "task_delegate.h": 1, "render_task_job.h": 4, "ordered_dither.cpp": 7, "render_task_job.cpp": 4, "dithering_selector.cpp": 15, "dithering_selector.h": 4, "dithering.h": 3, "dithering_matrix.h": 1, "hue_saturation.xml": 2, "cmd_hue_saturation.cpp": 10, "hue_saturation_filter.cpp": 10, "hue_saturation_filter.h": 8, "hsl.cpp": 3, "hsl.h": 3, "hsv.h": 3, "rgb.cpp": 2, "rgb.h": 2, "nyx8.gpl": 3, "arq4.gpl": 3, "edg8.gpl": 3, "en4.gpl": 3, "enos16.gpl": 3, "cga.gpl": 3, "cga0.gpl": 3, "cga0hi.gpl": 3, "cga1.gpl": 3, "cga1hi.gpl": 3, "cga3rd.gpl": 3, "cga3rdhi.gpl": 3, "cpc.gpl": 3, "gradient.cpp": 5, "gradient.h": 3, "apple-ii.gpl": 3, "package.json": 36, "extensions.cpp": 22, "extensions.h": 11, "json": 3, "atari2600-ntsc.gpl": 2, "atari2600-pal.gpl": 2, "commodore-plus4.gpl": 2, "commodore-vic20.gpl": 2, "commodore64.gpl": 2, "gameboy.gpl": 2, "nes-ntsc.gpl": 2, "nes.gpl": 2, "teletext.gpl": 2, "zx-spectrum.gpl": 2, "win16.gpl": 2, "palettes_loader_delegate.h": 4, "resource.h": 3, "resources_loader_delegate.h": 3, "libarchive": 8, "bayer2x2.bmp": 2, "bayer4x4.bmp": 2, "bayer8x8.bmp": 2, "load_matrix.cpp": 4, "load_matrix.h": 3, "json11": 3, "set_last_point.cpp": 2, "set_last_point.h": 2, "filter_indexed_data.h": 2, "filter_manager.h": 3, "color_button_options.h": 1, "FindBenchmarks.cmake": 1, "blend_benchmark.cpp": 2, "benchmark": 2, "separator_in_view.h": 2, "pixel_color_class.cpp": 3, "point_class.cpp": 10, "rectangle_class.cpp": 10, "size_class.cpp": 8, "mujs": 4, "virtualboy.gpl": 1, "menus.h": 6, "menus.mm": 3, "shortcut.h": 3, "c_flag_overrides.cmake": 1, "cxx_flag_overrides.cmake": 1, "user_agent_mac.mm": 1, "gif_lib.h": 2, "gif_lib_private.h": 2, "giflib": 2, "config.h.cmake": 1, "gif_err.c": 1, "gif_font.c": 1, "gif_hash.c": 1, "gif_hash.h": 1, "gifalloc.c": 1, "key_context.h": 2, "cmd_layer_lock.cpp": 4, "cmd_brightness_contrast.cpp": 5, "slider2.cpp": 1, "slider2.h": 1, "brightness_contrast_filter.cpp": 2, "brightness_contrast_filter.h": 3, "fmt": 4, "xml_translator.cpp": 2, "xml_translator.h": 2, "tool_group.h": 2, "sprite_job.cpp": 2, "sprite_job.h": 3, "winapi.cpp": 5, "winapi.h": 5, "wrap_point.cpp": 2, "wrap_point.h": 2, "ase.ico": 1, "ase128.png": 1, "ase256.png": 1, "doc.ico": 1, "doc128.png": 1, "doc256.png": 1, "quick_command.cpp": 3, "quick_command.h": 3, "move_thing.cpp": 3, "move_thing.h": 1, "command_ids.h": 1, "xpm_icon.c": 1, "surface_list.h": 3, "FindHarfBuzz.cmake": 2, "file_dialog.h": 3, "comptr.h": 2, "aseprite_common.h": 6, "aseprite_decoder.cpp": 15, "aseprite_decoder.h": 4, "decode_delegate.h": 1, "decode_file.cpp": 1, "decode_file.h": 1, "decoder.cpp": 2, "decoder.h": 2, "file_interface.h": 1, "pixel_io.h": 4, "stdio.cpp": 1, "class_factory.h": 1, "dllmain.cpp": 1, "exports.def": 1, "thumbnail_handler.cpp": 1, "thumbnail_handler.h": 1, "optional_alert.cpp": 1, "optional_alert.h": 1, "target.h": 1, "layer_boundaries.cpp": 6, "layer_boundaries.h": 1, "export_file.xml": 6, "export_file_window.cpp": 13, "export_file_window.h": 8, "gif_format.h": 1, "cels_target.h": 1, "tool.h": 1, "color_shades.cpp": 5, "color_shades.h": 3, "sprites_observer.h": 1, "clipboard_delegate.h": 1, "aap-64.gpl": 1, "aap-micro12.gpl": 1, "aap-splendor128.gpl": 1, "simplejpc-16.gpl": 1, "psygnosia.gpl": 1, "arq16.gpl": 1, "cmd_fill.cpp": 1, "fill_selection.cpp": 2, "fill_selection.h": 3, "cmd_fill_and_stroke.cpp": 4, "modify_selection.cpp": 1, "modify_selection.h": 1, "stroke_selection.cpp": 1, "stroke_selection.h": 1, "aintern.h": 3, "allegro.c": 3, "CODING_STANDARDS.md": 1, "pref_widget.cpp": 1, "pref_widget.h": 2, "CODING_STYLE.md": 3, "readable_time.cpp": 1, "readable_time.h": 1, "drop_frame_place.h": 1, "tags_handling.h": 1, "rosy-42.gpl": 1, "run-tests.sh": 10, "app_pixel_color.js": 3, "app_version.js": 3, "console_assert.js": 3, "console_log.js": 3, "constants.js": 3, "point.js": 3, "rectangle.js": 3, "selection.js": 3, "size.js": 3, "sprite.js": 4, "about.xml": 9, "editor_render.cpp": 5, "editor_render.h": 3, "bg_type.h": 1, "onionskin_options.h": 2, "onionskin_type.h": 1, "png_format.h": 1, "expr_entry.cpp": 1, "expr_entry.h": 2, "tinyexpr": 2, "document_diff.cpp": 2, "document_diff.h": 2, "doc_event.h": 5, "doc_observer.h": 10, "doc_undo.cpp": 2, "doc_undo.h": 3, "doc_undo_observer.h": 1, "doc_api.cpp": 12, "doc_api.h": 8, "docs.cpp": 6, "docs.h": 3, "docs_observer.h": 4, "doc_range.cpp": 1, "doc_range.h": 1, "doc_range_ops.cpp": 6, "doc_range_ops.h": 2, "doc_range_tests.cpp": 4, "doc_api_tests.cpp": 4, "doc.cpp": 14, "project_event.h": 2, "doc_access.h": 3, "doc_diff.cpp": 4, "doc_diff.h": 4, "doc_exporter.cpp": 28, "doc_exporter.h": 10, "doc_view.cpp": 14, "doc_view.h": 1, "key.h": 5, "cmd_cel_opacity.cpp": 4, "load_widget.h": 1, "thumbnail_generator.h": 4, "keys.mm": 3, "FindDXGuid.cmake": 2, "Toolchain-mingw.cmake": 2, "Toolchain-psp-gcc.cmake": 2, "Common.cmake": 2, "FileList.cmake": 2, "allegro.h": 2, "3d.h": 2, "3dmaths.h": 2, "alcompat.h": 2, "alinline.h": 2, "compiled.h": 2, "datafile.h": 2, "draw.h": 2, "fix.h": 2, "fixed.h": 2, "fmaths.h": 2, "3dmaths.inl": 2, "asm.inl": 2, "color.inl": 2, "draw.inl": 2, "fix.inl": 2, "fmaths.inl": 2, "gfx.inl": 2, "matrix.inl": 2, "rle.inl": 2, "system.inl": 2, "aintvga.h": 2, "alconfig.h": 2, "keyboard.h": 2, "lzss.h": 2, "matrix.h": 2, "mouse.h": 2, "aintlnx.h": 2, "aintunix.h": 2, "aintwin.h": 2, "al386gcc.h": 2, "al386vc.h": 2, "almngw32.h": 2, "almsvc.h": 2, "alosxcfg.h": 2, "alplatf.h.cmake": 2, "alucfg.h": 2, "alunix.h": 2, "alunixac.h.cmake": 2, "alunixac.hin": 2, "alwin.h": 2, "astdint.h": 2, "quat.h": 2, "rle.h": 2, "text.h": 2, "unicode.h": 2, "linalleg.h": 2, "osxalleg.h": 2, "winalleg.h": 2, "xalleg.h": 2, "blit.c": 2, "bmp.c": 2, "cblit.h": 2, "cblit16.c": 2, "cblit24.c": 2, "cblit32.c": 2, "cblit8.c": 2, "ccpu.c": 2, "ccsprite.c": 2, "cdefs15.h": 2, "cdefs16.h": 2, "cdefs24.h": 2, "cdefs32.h": 2, "cdefs8.h": 2, "cgfx.h": 2, "cgfx15.c": 2, "cgfx16.c": 2, "cgfx24.c": 2, "cgfx32.c": 2, "cgfx8.c": 2, "cmisc.c": 2, "cmiscs.s": 2, "cscan.h": 2, "cscan15.c": 2, "cscan16.c": 2, "cscan24.c": 2, "cscan32.c": 2, "cscan8.c": 2, "cspr.h": 2, "cspr15.c": 2, "cspr16.c": 2, "cspr24.c": 2, "cspr32.c": 2, "cspr8.c": 2, "cstretch.c": 2, "czscan.h": 2, "czscan15.c": 2, "czscan16.c": 2, "czscan24.c": 2, "czscan32.c": 2, "czscan8.c": 2, "clip3d.c": 2, "clip3df.c": 2, "colblend.c": 2, "config.c": 2, "datafile.c": 2, "dataregi.c": 2, "dispsw.c": 2, "dither.c": 2, "drvlist.c": 2, "file.c": 2, "fli.c": 2, "flood.c": 2, "font.c": 2, "fontbios.c": 2, "fontbmp.c": 2, "fontdat.c": 2, "fontgrx.c": 2, "fonttxt.c": 2, "gfx.c": 2, "gsprite.c": 2, "inline.c": 2, "lbm.c": 2, "libc.c": 2, "lzss.c": 2, "drivers.m": 2, "hidman.m": 2, "keybd.m": 2, "pcpu.m": 2, "quartz.m": 2, "qzfull.m": 2, "qzmouse.h": 2, "math.c": 2, "math3d.c": 2, "ccolconv.c": 2, "colconv.c": 2, "fm_drum.h": 2, "fm_emu.h": 2, "fm_instr.h": 2, "vbeaf.c": 2, "vbeafex.c": 2, "vbeafs.s": 2, "vga.c": 2, "vgaregs.c": 2, "pcx.c": 2, "poly3d.c": 2, "polygon.c": 2, "quat.c": 2, "readbmp.c": 2, "readfont.c": 2, "rle.c": 2, "rotate.c": 2, "rsfb.c": 2, "scene3d.c": 2, "spline.c": 2, "text.c": 2, "tga.c": 2, "timer.c": 2, "unicode.c": 2, "udjgpp.c": 2, "udrvlist.c": 2, "udummy.c": 2, "ufile.c": 2, "ugfxdrv.c": 2, "ukeybd.c": 2, "umain.c": 2, "umodules.c": 2, "umouse.c": 2, "uptimer.c": 2, "usigalrm.c": 2, "ustimer.c": 2, "usystem.c": 2, "uthreads.c": 2, "utimer.c": 2, "vtable.c": 2, "vtable15.c": 2, "vtable16.c": 2, "vtable24.c": 2, "vtable32.c": 2, "vtable8.c": 2, "dllver.rc": 2, "gdi.c": 2, "wddaccel.c": 2, "wddlock.c": 2, "wddmode.c": 2, "wddraw.c": 2, "wdispsw.c": 2, "wdxver.c": 2, "wfile.c": 2, "wgfxdrv.c": 2, "wkeybd.c": 2, "wthread.c": 2, "wtimer.c": 2, "icon.xpm": 2, "xdga2.c": 2, "xgfxdrv.c": 2, "xsystem.c": 2, "xtimer.c": 2, "xvtable.c": 2, "message_loop.cpp": 2, "CHANGES.txt": 1, "THANKS.txt": 1, "loadpng.c": 1, "loadpng.h": 1, "regpng.c": 1, "savepng.c": 1, "conversion_to_surface.cpp": 1, "conversion_to_surface.h": 1, "error.h": 2, "os.cpp": 4, "os.h": 2, "surface_format.h": 2, ".appveyor.yml": 5, "bubblegum-16.gpl": 1, "tx.h": 3, "app_transaction.js": 2, "site_class.cpp": 6, "white_to_alpha.lua": 2, "luacpp.cpp": 4, "luacpp.h": 6, "pixel_color_object.cpp": 1, "lua": 2, "app_pixel_color.lua": 1, "app_transaction.lua": 1, "app_version.lua": 2, "console_assert.lua": 1, "console_print.lua": 1, "constants.lua": 1, "point.lua": 5, "rectangle.lua": 6, "selection.lua": 5, "size.lua": 4, "sprite.lua": 9, "aseprite.css": 1, "aseprite.js": 1, "aseprite.png": 1, "index.html": 1, "webserver.h": 2, "image.lua": 6, "math.lua": 1, "os.lua": 1, "string.lua": 1, "image_iterator_class.cpp": 3, "image_iterator.lua": 2, "cel_class.cpp": 8, "cels_class.cpp": 5, "color_class.cpp": 6, "frame_class.cpp": 7, "frames_class.cpp": 6, "layer_class.cpp": 14, "layers_class.cpp": 6, "palette_class.cpp": 10, "palettes_class.cpp": 2, "slice_class.cpp": 5, "slices_class.cpp": 3, "tag_class.cpp": 6, "tags_class.cpp": 4, "userdata_class.cpp": 2, "app_command_object.cpp": 2, "app_command.lua": 12, "color.lua": 2, "palette.lua": 5, "userdata.h": 3, "cmd_open_script_folder.cpp": 1, "zughy-32.gpl": 2, "cel.lua": 3, "cels.lua": 2, "frames.lua": 3, "layer.lua": 2, "layers.lua": 4, "slice.lua": 1, "slices.lua": 2, "tag.lua": 2, "tags.lua": 3, "image_spec_class.cpp": 3, "image_spec.lua": 2, "sprites_class.cpp": 5, "script_access.xml": 1, "security.cpp": 2, "security.h": 1, "aap-radiantxv.gpl": 1, "dialog_class.cpp": 13, "assign_color_profile.cpp": 1, "assign_color_profile.h": 1, "convert_color_profile.cpp": 4, "convert_color_profile.h": 3, "color_spaces.cpp": 7, "color_spaces.h": 4, "ask_for_color_profile.xml": 1, "selection_mode_field.cpp": 2, "selection_mode_field.h": 1, "app_active.lua": 5, "help.sh": 1, "list-layers.sh": 1, "list-tags.sh": 1, "save-as.sh": 6, "version.sh": 1, "1empty3.aseprite": 1, "abcd.aseprite": 1, "drawing.lua": 3, "api_version.h": 9, "docobj.h": 2, "images_class.cpp": 1, "range_class.cpp": 4, "object_ids.h": 1, "ext.ico": 1, "ext128.png": 1, "ext16.png": 1, "ext256.png": 1, "ext32.png": 1, "ext48.png": 1, "ext64.png": 1, "draggable_widget.h": 5, "app_mod.h": 1, "color_space.lua": 4, "color_space_class.cpp": 3, "new_params.cpp": 10, "new_params.h": 4, "sheet.sh": 8, "filename_field.cpp": 1, "filename_field.h": 1, "project.cpp": 1, "project_observer.h": 1, "CODEOWNERS": 1, "buffer_region.cpp": 1, "buffer_region.h": 1, "render_benchmark.cpp": 2, "replace_color_filter.h": 1, "outline.xml": 4, "cmd_outline.cpp": 6, "outline_filter.cpp": 4, "outline_filter.h": 6, "tools.lua": 14, "tool_class.cpp": 1, "error_diffusion.cpp": 6, "error_diffusion.h": 3, "active_site_handler.cpp": 2, "active_site_handler.h": 2, "merge_down_bugs.lua": 1, "brush_class.cpp": 3, "brush.lua": 3, "test_utils.lua": 5, "version_class.cpp": 2, "version.lua": 3, "preferences_object.cpp": 2, "values.cpp": 3, "values.h": 1, "app_preferences.lua": 4, "act_file.cpp": 1, "act_file.h": 1, "selected_objects.h": 1, ".clang-tidy": 1, "doc_observer_widget.h": 1, "FUNDING.yml": 1, "recovery_config.h": 2, "cmd_reopen_closed_file.cpp": 2, "cmd_clear_recent_files.cpp": 1, "task.cpp": 1, "task.h": 2, "task_widget.cpp": 1, "task_widget.h": 1, "file_op_config.cpp": 1, "file_op_config.h": 1, "user_agent_win.c": 1, "closed_docs.cpp": 3, "closed_docs.h": 2, "color_curve.cpp": 1, "color_curve_filter.h": 1, "svg_format.cpp": 2, "file-formats.sh": 1, "range.lua": 1, "move_colors_command.cpp": 1, "pal_ops.cpp": 1, "pal_ops.h": 1, "filter.cpp": 1, "filter.h": 1, "shrink_benchmark.cpp": 1, "groups2.aseprite": 1, "groups3abc.aseprite": 1, "filter_layer_tests.cpp": 1, "png_options.h": 1, "bg-index-3.aseprite": 1, "tag_properties.xml": 1, "add_tag.cpp": 1, "add_tag.h": 1, "remove_tag.cpp": 1, "remove_tag.h": 1, "set_tag_anidir.cpp": 1, "set_tag_anidir.h": 1, "set_tag_color.cpp": 1, "set_tag_color.h": 1, "set_tag_name.cpp": 1, "set_tag_name.h": 1, "set_tag_range.cpp": 1, "set_tag_range.h": 1, "with_tag.cpp": 1, "with_tag.h": 1, "tag_window.cpp": 1, "tag_window.h": 1, "tag.cpp": 1, "tag.h": 1, "tag_io.cpp": 1, "tag_io.h": 1, "tags.cpp": 1, "tags.h": 1, "tags3.aseprite": 1, "images_map.h": 1, "sprite_sheet_data_format.h": 1, "set_grid_bounds.cpp": 1, "set_grid_bounds.h": 1, "object_version.h": 1, "compare_sprite_sheets.lua": 1, "screenshot.cpp": 1, "app_fs_object.cpp": 1, "app_fs.lua": 2, "print_on_gc.lua": 1}
{"dev": "blackmiaool", "CONTRIBUTING.md": 1, "cmd_timeline.cpp": 2, "cmd_home.cpp": 1, "main_window.cpp": 1, "main_window.h": 1, "cmd_palette_editor.cpp": 1, "cmd_new_brush.cpp": 1}
{"dev": "Omar-Abdul-Azeez"}
{"dev": "CDNRae", "pref.xml": 1, "values.cpp": 1, "point_shapes.h": 1, "tool_loop.h": 1, "context_bar.cpp": 1, "tool_loop_impl.cpp": 1, "floodfill.cpp": 1, "floodfill.h": 1}
{"dev": "msisinni", "google-ui.gpl": 2}
{"dev": "tony", "file_handle.cpp": 1, "gui.xml": 1, "CMakeLists.txt": 1, "cmd_scroll_center.cpp": 1, "commands_list.h": 1, "fs_unix.h": 1, ".gitignore": 1, "INSTALL.md": 1}
{"dev": "mooviies", "document_view.cpp": 1}
{"dev": "justanobdy"}
{"dev": "thkwznk"}
{"dev": "dncampo", "cli_processor.cpp": 2, "selected_layers.cpp": 1, "selected_layers.h": 1, "sprite.cpp": 1, "sprite.h": 1, "gui.xml": 2, "en.ini": 3, "cmd_symmetry_mode.cpp": 1, "pref.xml": 2, "export_sprite_sheet.xml": 2, "cmd_export_sprite_sheet.cpp": 4, "doc_exporter.cpp": 2, "doc_exporter.h": 2, "snap_to_grid.cpp": 1, "snap_to_grid.h": 1, "app_options.cpp": 1, "app_options.h": 1, "cli_open_file.cpp": 1, "cli_open_file.h": 1, "preview_cli_delegate.cpp": 1, "cmd_crop.cpp": 1, "doc_api.cpp": 1, "doc_api.h": 1}
{"dev": "DexterIV", "cmd_rotate.cpp": 1}
{"dev": "danprince"}
{"dev": "sumibi-yakitori"}
{"dev": "agateau", "CMakeLists.txt": 1, "test_context.h": 2, "file_system.cpp": 1, "file_system.h": 1, "file_list.cpp": 1, "launcher.cpp": 2, "launcher.h": 1}
{"dev": "Amarcolina"}
{"dev": "MorganDavid"}
{"dev": "mezz"}
